id;content;times;status
1;Sports extend;2021-04-11T19:27:19;true
2;Steel;2021-04-11T16:58:27;true
3;Orchestrator programming Soap;2021-04-11T13:29:09;false
4;Point stable Turkey;2021-04-11T12:51:05;true
5;Towels Designer PCI;2021-04-11T08:47:27;false
6;empower enhance Trinidad and Tobago Dollar;2021-04-11T06:38:36;true
7;Plastic transmit Auto Loan Account;2021-04-11T04:20:39;true
8;transmit;2021-04-11T09:48:17;true
9;infrastructure Berkshire;2021-04-11T21:28:25;false
10;Face to face Gorgeous Steel Pants Chief;2021-04-11T03:52:59;false
