id;content;create_time;jhi_like;type
1;Saint Helena Pound mesh;2021-04-11T12:25:14;87111;52091
2;Orchestrator;2021-04-11T03:40:16;30660;40822
3;deposit Incredible Wooden Hat;2021-04-11T07:50:38;76714;33141
4;24/7 transform;2021-04-11T12:30:22;53404;33360
5;magenta Guadeloupe orchid;2021-04-11T13:09:09;63184;23477
6;revolutionize mobile;2021-04-11T17:35:18;70149;22662
7;Fully-configurable methodologies;2021-04-11T13:52:52;84582;11074
8;Common compress backing up;2021-04-11T20:06:29;36928;64368
9;Up-sized enterprise;2021-04-11T17:32:26;86599;36331
10;Home Loan Account mint green Licensed Soft Shoes;2021-04-11T03:57:18;71243;20383
